username,user id,access hash,group,group id,status
Mister_nono,5095932189,1321711463374632330,Shinigami,zodiacCommunity,1967197972,UserStatusRecently
Raki_man,339707378,5146274099962899399,Kira.S,zodiacCommunity,1967197972,2023-06-18 22:18:30+00:00
Mikle7805,354987985,-597835496753287581,M√¨kl√™,zodiacCommunity,1967197972,UserStatusRecently
SLCFE,890742334,5737495273064130400,‚ôéÔ∏èSemir üèÄ,zodiacCommunity,1967197972,UserStatusRecently
,1372846721,-8104656027596200713,Abhay Gore,zodiacCommunity,1967197972,UserStatusRecently
unknownsami,337019345,-7257623882085742992,Melo,zodiacCommunity,1967197972,UserStatusRecently
,5716819457,6563401749967516204,Genet Reda,zodiacCommunity,1967197972,UserStatusRecently
,1613580503,4642541154705583262,Jah,zodiacCommunity,1967197972,UserStatusRecently
,5269340704,815335646909770301,üòä,zodiacCommunity,1967197972,UserStatusRecently
Lidu0404,1498495751,-7350009365234113555,Lidiya,zodiacCommunity,1967197972,UserStatusRecently
,5842731384,-8277657147201858681,Amen Alezim,zodiacCommunity,1967197972,UserStatusRecently
,6064092128,2760633454991152116,F,zodiacCommunity,1967197972,UserStatusLastMonth
whos_heee,6076864616,9177515334940137098,..,zodiacCommunity,1967197972,UserStatusRecently
yo_dormir,693577162,-1729515073250115030,itan,zodiacCommunity,1967197972,UserStatusRecently
,5883665357,2043693410154636714,Bitaniya,zodiacCommunity,1967197972,UserStatusRecently
Agnosticism9,984547653,49410538785780798,"itachi9 syncretism,Dreamer,Agnosticism,philanthropic",zodiacCommunity,1967197972,UserStatusRecently
,5575669202,-5918034837792392564,miracle akachukwu,zodiacCommunity,1967197972,UserStatusLastWeek
,5790408980,598542922017333916,intuitive jenny,zodiacCommunity,1967197972,UserStatusRecently
purpleeee_doll,1330632607,2404344351459130636,Baniess ü¶ã‚ù§Ô∏èü•∫üíç,zodiacCommunity,1967197972,UserStatusLastWeek
afomiya1996,1458879221,1280276646005717937,Afomi,zodiacCommunity,1967197972,UserStatusRecently
raging_boner,1566093166,-4653099745566885008,the Narrator,zodiacCommunity,1967197972,UserStatusRecently
Yorkila,1469858814,2370371897151489733,Yorkii,zodiacCommunity,1967197972,UserStatusRecently
,6187251034,9102044970950716945,dinaya ÏßÄ,zodiacCommunity,1967197972,UserStatusRecently
Akiratewelde,5801594593,6353875993834022927,AKira,zodiacCommunity,1967197972,UserStatusRecently
Only_darkness_I_see,5940707994,-7393303905610570705,Nahom,zodiacCommunity,1967197972,UserStatusRecently
,1316709426,-6809358862351517286,A,zodiacCommunity,1967197972,UserStatusRecently
,6105438421,-4082566841082296634,Valary Kaluhi,zodiacCommunity,1967197972,UserStatusLastWeek
CREEPY_S0UL,5865316966,7719546972085490500,üëª,zodiacCommunity,1967197972,UserStatusRecently
,850158463,-5191845038588960616,Haniel,zodiacCommunity,1967197972,UserStatusRecently
Bxddie_bang08,1972007105,-1498646850224222509,^Elda,zodiacCommunity,1967197972,UserStatusRecently
Legendary_me_1,5949003653,-4229551491235543128,Y.B.M,zodiacCommunity,1967197972,UserStatusRecently
Blackluckyyy,5050945499,-4223973206822381853,Praise Cousin,zodiacCommunity,1967197972,UserStatusRecently
